Name,CHINA LAKE NAVAL AIR WEAPONS STATION,CORONADO NAVAL AMPHIBIOUS BASE,EL CENTRO NAVAL AIR FACILITY,LEMOORE NAS,MONTEREY NAVAL POSTGRADUATE SCHOOL,NORTH ISLAND NAS,FLEET ANTISUBMARINE WARFARE TRAINING CENTER,POINT MUGU NAVAL AIR STATION,PORT HUENEME NAVAL CONSTRUCTION BATTALION CENTER,SAN DIEGO NAVAL MEDICAL CENTER,SAN DIEGO NS,SANTA CLARA NAVAL AIR RESERVE,NEW LONDON NAVAL SUBMARINE BASE,WASHINGTON NAVY YARD,CORRY STATION,JACKSONVILLE NAS,KEY WEST NAS,MAYPORT NAVAL STATION,US Naval Diving & Salvage Training Center,PENSACOLA NAS,PENSACOLA NAVAL HOSPITAL,WHITING FIELD NAS,KINGS BAY NAVAL SUBMARINE BASE,NAVAL COMPUTER TELECOMM AREA MSTR STATN,PEARL HARBOR NAVAL COMPLEX,GREAT LAKES NAVAL TRAINING CENTER,"NEW ORLEANS NAS, JOINT RESERVE BASE",NEW ORLEANS NAVAL SUPPORT ACTIVITY,BRUNSWICK NAS,WINTER HARBOR NAVAL SECURITY GROUP ACTIVITY,ANNAPOLIS NS,BETHESDA NATIONAL NAVAL MEDICAL CENTER,PATUXENT RIVER NAS,U.S. NAVAL ACADEMY,GULFPORT NAVAL CONSTRUCTION BATTALION CENTER,MERIDIAN NAS,FALLON NAS,PORTSMOUTH NAVAL SHIPYARD,EARLE NAVAL WEAPONS STATION,NEWPORT NAVAL EDUCATION AND TRAINING CENTER,BEAUFORT NAVAL HOSPITAL,NAVAL BASE CHARLESTON,Naval Support Activity Mid-South,CORPUS CHRISTI NAS,"FORT WORTH NAS, JOINT RESERVE BASE",KINGSVILLE NAS,"NAVAL SURFACE WARFARE CENTER, DAHLGREN DIVISION","DAM NECK FLEET COMBAT TRAINING CENTER, ATLANTIC",LITTLE CREEK NAVAL AMPHIBIOUS BASE,NORFOLK NB,NORFOLK NAVAL SHIPYARD,OCEANA NAS,PORTSMOUTH NAVAL MEDICAL CENTER,YORKTOWN NAVAL WEAPONS STATION,BANGOR NAVAL SUBMARINE BASE,BREMERTON NAVAL STATION,EVERETT NAVAL STATION,WHIDBEY ISLAND NAS
CHINA LAKE NAVAL AIR WEAPONS STATION,0.0,207.87148141441787,227.35566287202917,132.4824155317397,243.7281945821552,206.19853206389018,203.99826724856592,133.19682078117273,134.94470671431023,204.5296305770876,208.11409854500718,264.92997494349333,2466.108154897246,2228.238332238168,1788.3350916853767,2107.3540752268004,2266.3640985054217,2119.0995582262913,1880.1184517175652,1789.8347884108532,1789.8347884108532,1796.8833441531658,2102.4368980249433,2614.7171457485365,2615.652751903792,1656.5886901792462,1650.7978357006316,1650.7978357006316,2560.5132264700105,2650.781994982026,2772.937644940403,2222.4150425665916,2264.806565567618,2255.091801622361,1687.0804721409284,1669.6578215638124,264.97002941062027,2524.1755925143557,2366.9745222476135,2504.7889459103385,2117.2020700003623,2147.652047599455,1558.093964743954,1314.8189280519205,1171.3585726806919,1293.4249272671789,2231.1433585012173,2307.1107421357065,2292.944433601032,2285.9232779736335,2288.243151602935,2302.9173237900836,2287.1884835301034,2269.354304006138,872.7074157659868,863.7649301731417,883.2622182260124,912.5693831029207
CORONADO NAVAL AMPHIBIOUS BASE,207.87148141441787,0.0,87.0528760675298,292.74752488175835,380.7401416794278,2.7054933661689224,4.909524936312828,149.7581133259691,156.31701552591218,3.5032458283347765,1.7446735523035075,420.08392695390523,2527.803507018667,2272.7467167188656,1759.6191619746503,2087.9651808509316,2210.9485930001742,2101.3693230449126,1852.6971672428942,1760.8210528011955,1760.8210528011955,1771.1864094406556,2087.2908735723086,2611.553822139148,2611.4996222996156,1728.6042709141793,1611.4221815441176,1611.4221815441176,2636.914341478234,2729.8212399924205,2854.541949460071,2267.6765076482184,2305.728827938201,2300.461985257901,1654.3390336334246,1656.5000106141958,472.4953503373417,2595.88719856825,2421.329013083412,2567.4598813015377,2114.3781248775804,2149.75522085517,1568.790611947035,1233.6137456491922,1145.7612334174623,1208.2297157516784,2272.0209399056716,2338.578356396942,2325.0808499536065,2318.2327939503784,2319.6550823657108,2334.5259917634676,2318.8516543113224,2303.3807183093863,1079.05821323978,1070.0757704790376,1090.2477385752686,1119.2885887178838
EL CENTRO NAVAL AIR FACILITY,227.35566287202917,87.0528760675298,0.0,339.1321967394314,438.68546000579164,89.2270352352486,90.21918811958551,217.17446954089993,224.04462296174566,86.16049504982138,85.31901090672145,472.6865383845604,2446.5138175633815,2189.2224127266622,1672.7256791758655,2000.93734968192,2125.7765009562117,2014.3277667167833,1765.786464527664,1673.935769607832,1673.935769607832,1684.2247995094142,2000.238383966192,2698.604916877716,2698.547134929775,1649.940008025018,1524.884605445964,1524.884605445964,2558.113209190288,2651.466527976555,2776.615091237811,2184.247837184605,2221.7622909842844,2217.026310577764,1567.5433814385476,1569.4665732122119,486.2240421382347,2516.243245866393,2339.0093560180985,2486.2989416425694,2027.4665971270836,2062.982483531867,1482.6294289839273,1150.7943985281647,1058.7142974876601,1125.9921897282507,2188.0685980126764,2253.6160374249803,2240.187628599668,2233.3592128652363,2234.6961132294246,2249.578689418287,2233.91659741946,2218.681205094485,1094.0240733499122,1085.182320490908,1102.9812219147889,1132.9593080500897
LEMOORE NAS,132.4824155317397,292.74752488175835,339.1321967394314,0.0,111.46035701769013,290.3547848887586,287.9797338056043,154.27782057502668,149.8621109905874,290.117794825454,293.6646314479159,135.0153606133997,2565.5586700576687,2335.2746825287877,1916.0633285283818,2232.970689900929,2397.2230235062943,2244.36944859069,2007.5065029640873,1917.6098437538838,1917.6098437538838,1924.0900051923516,2227.197199300329,2500.42848751354,2501.6892740385965,1754.0505681583838,1780.2832735618463,1780.2832735618463,2652.9227109672834,2741.6778542241777,2862.2692287650907,2329.17811853896,2373.1035890219778,2361.7355632797567,1815.5832115300498,1794.7235625378844,226.30149730579674,2618.9282980367175,2469.778865680236,2603.722527058829,2239.1553153389245,2268.323321803783,1677.8612647697692,1447.3009414405412,1299.8033522534165,1425.871969755479,2339.533708733103,2418.687080756893,2404.319752814513,2397.2533855298057,2399.8769611054176,2414.4537699902257,2398.738345485865,2380.122807988138,804.7020772991352,795.6204511973831,818.9599021818689,846.327643718916
MONTEREY NAVAL POSTGRADUATE SCHOOL,243.7281945821552,380.7401416794278,438.68546000579164,111.46035701769013,0.0,378.1391771818463,375.83338026189017,231.6226310790554,225.38896292174977,378.6373347717531,381.93974027843166,49.994702248156415,2656.778410536399,2431.963963917791,2025.8905495835083,2341.6044206962247,2508.43085977891,2352.804010714447,2117.144225839947,2027.4607003056842,2027.4607003056842,2033.6462293610946,2335.342552335456,2400.864535081197,2402.3771153432676,1844.8485455816972,1890.9679777867045,1890.9679777867045,2739.014556467629,2826.58457714782,2945.9190110528234,2425.6851774043807,2470.6254445587833,2458.1362385160246,1925.8094264424922,1903.150302262491,258.1390460128922,2706.7447206337024,2563.437949570276,2694.5433564651535,2345.629743643424,2374.000776187686,1783.2589334599695,1558.372563518199,1410.0923537977358,1536.747280379533,2437.142634839114,2518.397365442827,2503.9034662459517,2496.8109223762362,2499.636732786172,2514.139730856849,2498.442487611887,2479.313198656463,769.5365000376516,760.4859978549736,787.17364551977,812.1668035854972
NORTH ISLAND NAS,206.19853206389018,2.7054933661689224,89.2270352352486,290.3547848887586,378.1391771818463,0.0,2.3766096747014394,147.11072315556842,153.66230652353275,3.570028757571799,4.298617086201786,417.5483611048281,2529.249746882111,2274.3705000113014,1761.8715496458292,2090.1627441407413,2213.3942478807844,2103.554658085424,1854.9447047450774,1763.0756886653803,1763.0756886653803,1773.4170266526285,2089.4554699301257,2609.405612312208,2609.3592832709533,1729.8833050749347,1613.7424286729383,1613.7424286729383,2638.1914825557374,2731.0695015961846,2855.762743661246,2269.2920724109836,2307.3917531058455,2302.077942391014,1656.6149275830476,1658.6260357871818,470.72595976159334,2597.219307689712,2422.8531510916573,2568.896566428248,2116.443563354308,2151.7802049650304,1570.7034639500378,1236.160858878388,1147.9397830849732,1210.794604695787,2273.6827658846773,2340.338915693722,2326.8341577798333,2319.984072366079,2321.4153708269873,2336.284971842513,2320.609406828223,2305.1141141479297,1077.1556070301947,1068.1706519067907,1088.395293988057,1117.4125310133484
FLEET ANTISUBMARINE WARFARE TRAINING CENTER,203.99826724856592,4.909524936312828,90.21918811958551,287.9797338056043,375.83338026189017,2.3766096747014394,0.0,144.85241129872952,151.4143891874756,4.068624409149492,6.270114755023239,415.2047619412214,2529.347045993408,2274.6568607980275,1762.928311263761,2091.1426748999393,2214.7474246856655,2104.517869726083,1855.9944764925103,1764.1356413691053,1764.1356413691053,1774.4431005011782,2090.3906325514517,2608.4955942091856,2608.4597550218205,1729.8117255271418,1614.8980421133413,1614.8980421133413,2638.1167758534593,2730.9660503031746,2855.6321062817196,2269.569492962873,2307.7209802156676,2302.355752019811,1657.7054598376274,1659.5104234695227,468.48311636402457,2597.199736783078,2423.032269451029,2568.9839184883485,2117.248718921441,2152.5340665564295,1571.3207059804324,1237.699490283664,1148.895490527331,1212.3692281706694,2274.010819364717,2340.7773790685396,2327.2644033875436,2320.412024922407,2321.853546468549,2336.7216450675373,2321.0447025158555,2305.5218772630437,1074.8639535060029,1065.878182080754,1086.1206414774267,1115.1297139856658
POINT MUGU NAVAL AIR STATION,133.19682078117273,149.7581133259691,217.17446954089993,154.27782057502668,231.6226310790554,147.11072315556842,144.85241129872952,0.0,6.8701699351222665,147.88115735448562,151.048563570677,272.90363206054366,2583.5334866126104,2339.6946346427662,1867.522019363245,2191.675752551732,2331.9286926190653,2204.243418240644,1960.1179781861892,1868.8734196216035,1868.8734196216035,1877.6062281818968,2188.803872790925,2515.8958692690358,2516.400997244711,1776.3002573033127,1724.202016788487,1724.202016788487,2682.3525892323373,2773.396533327613,2896.300568804434,2334.131984622388,2375.013964482174,2366.880694406663,1764.0185965515593,1756.2540719367382,364.6654889286347,2644.66457611172,2481.946249770569,2622.5490211612873,2209.3399227976656,2242.0426942233153,1655.2315037556182,1363.4635236490337,1250.4417367858107,1339.522476710956,2341.2994269718256,2413.837229030463,2399.91174285816,2392.9492211220763,2394.9285601412334,2409.693431723522,2393.968954419455,2377.0140783411357,957.6199128192454,948.5499881685602,971.1965032832451,998.9844631368188
PORT HUENEME NAVAL CONSTRUCTION BATTALION CENTER,134.94470671431023,156.31701552591218,224.04462296174566,149.8621109905874,225.38896292174977,153.66230652353275,151.4143891874756,6.8701699351222665,0.0,154.47874823588594,157.6227910593896,267.0339525779289,2588.0337836956883,2344.6170169060965,1873.765525640041,2197.789049572885,2338.483806557129,2210.332373934724,1966.3441598436248,1875.120868046186,1875.120868046186,1883.8091339012756,2194.854351722775,2510.1837921180713,2510.707783549105,1780.5774319996663,1730.579138771614,1730.579138771614,2686.458768127949,2777.425137779977,2900.251206933435,2339.0373507092277,2380.01612707668,2371.7825000046078,1770.3143023331947,1762.277239222056,362.29095734814524,2648.9005041802125,2486.6323195691225,2627.023057628866,2215.1950300511817,2247.814045168828,1660.8621047782983,1370.216282250441,1256.6447762939645,1346.2983106406432,2346.3035956784806,2419.043470095178,2405.104195905565,2398.1381803605896,2400.1364259112834,2414.8967974653638,2399.1715484435304,2382.166893374613,953.7954392989191,944.7220238424164,967.5317952998491,995.2267060946373
SAN DIEGO NAVAL MEDICAL CENTER,204.5296305770876,3.5032458283347765,86.16049504982138,290.117794825454,378.6373347717531,3.570028757571799,4.068624409149492,147.88115735448562,154.47874823588594,0.0,3.6451051672949784,417.7696242388591,2525.7194143873744,2270.8937593253304,1758.8647011884923,2087.088930572165,2210.697249668438,2100.466928745911,1851.9315576851798,1760.0717328841388,1760.0717328841388,1770.3828144018723,2086.3449075432486,2612.5357881557215,2612.497612335103,1726.3241131450122,1610.8294309967607,1610.8294309967607,2634.6319906653925,2727.506955314539,2852.1977880214627,2265.812282097034,2303.930351505539,2298.5982880760153,1653.6391420394807,1655.4756976739986,469.20054470618055,2593.667135650363,2419.3432262980486,2565.36404322487,2113.235346069244,2148.537024138713,1567.376389173252,1233.7073809421993,1144.8457365288339,1208.3936964031213,2270.220923980415,2336.9220018011483,2323.4136228542943,2316.5625345845942,2317.998326824047,2332.867265184624,2317.191089821569,2301.6839028035815,1075.8479280522542,1066.8673407985916,1087.0023626491077,1116.0592906700174
SAN DIEGO NS,208.11409854500718,1.7446735523035075,85.31901090672145,293.6646314479159,381.93974027843166,4.298617086201786,6.270114755023239,151.048563570677,157.6227910593896,3.6451051672949784,0.0,421.18207134090056,2526.2487507228852,2271.1338631257877,1757.876771791912,2086.2270685257627,2209.2116781705454,2099.6324280326294,1850.9550721939368,1759.078530420028,1759.078530420028,1769.44548277981,2085.5562464537006,2613.2866282425307,2613.231440142263,1727.110429222323,1609.677523434639,1609.677523434639,2635.4208902380574,2728.338765231292,2853.0700409973347,2266.066191289931,2304.1041123261375,2298.8515407488617,1652.595447386807,1654.7702668284162,472.80842266693793,2594.3732331221217,2419.747922253834,2565.9084350882345,2112.657501026603,2148.0416430758078,1567.1000980240099,1231.9012357380104,1144.025116653643,1206.5242468544825,2270.3965584567013,2336.9257601169033,2323.4302385723777,2316.582741162626,2318.00256274736,2332.873826671672,2317.1998267882864,2301.735629444306,1079.4816896225054,1070.5014806402621,1090.6275064022843,1119.6887405671757
SANTA CLARA NAVAL AIR RESERVE,264.92997494349333,420.08392695390523,472.6865383845604,135.0153606133997,49.994702248156415,417.5483611048281,415.2047619412214,272.90363206054366,267.0339525779289,417.7696242388591,421.18207134090056,0.0,2642.340693338608,2422.0033564412015,2033.1303175111434,2346.082351412754,2520.4877079452444,2356.8949837359414,2123.876414220166,2034.75982537994,2034.75982537994,2040.221562137639,2338.9057466624454,2409.9581152821534,2411.719657851875,1830.6043961356686,1900.8226208220142,1900.8226208220142,2720.9880848219564,2807.758516323297,2926.257495998654,2415.56974232915,2461.380825233165,2447.9129660665767,1934.1731717238856,1907.4362480980794,226.41568380526476,2689.878692919877,2550.904712417516,2679.796047410504,2346.4637112577184,2373.681075040675,1782.889708430656,1577.651730592454,1418.9651126085826,1556.8698751821128,2427.9923639142844,2511.176663413968,2496.565965982903,2489.4512279356672,2492.4729048515087,2506.8971868682224,2491.2248010733338,2471.6079266093175,719.6017778519179,710.5541789922387,737.3426984465541,762.2482782836485
NEW LONDON NAVAL SUBMARINE BASE,2466.108154897246,2527.803507018667,2446.5138175633815,2565.5586700576687,2656.778410536399,2529.249746882111,2529.347045993408,2583.5334866126104,2588.0337836956883,2525.7194143873744,2526.2487507228852,2642.340693338608,0.0,311.92168104403385,1137.6121226412888,939.376420117837,1286.0452789129777,920.5659655210163,1087.356065923889,1139.1890390024926,1139.1890390024926,1110.6383503104548,900.8104124472592,5045.904396053607,5048.335036264356,811.930282909881,1280.966351422117,1280.966351422117,205.23017975445097,288.368301815675,404.21689148912014,311.2141958587901,314.0011439773888,285.2860436346021,1216.2037991355812,1094.5938051823803,2428.2728844832604,135.65695259458323,133.03356532862793,40.87250748806799,781.4148657998052,724.5671437483064,1047.4520432956438,1708.338149647217,1510.814925516536,1741.607032875079,336.9805265319646,380.0751766976785,379.4644772394764,380.95049420809767,388.595876572375,380.3844799163863,386.62574767494243,372.78995167074424,2485.1759294796398,2485.2277778563885,2459.427215586206,2476.4529485900534
WASHINGTON NAVY YARD,2228.238332238168,2272.7467167188656,2189.2224127266622,2335.2746825287877,2431.963963917791,2274.3705000113014,2274.6568607980275,2339.6946346427662,2344.6170169060965,2270.8937593253304,2271.1338631257877,2422.0033564412015,311.92168104403385,0.0,827.2199430504103,654.9137169953673,1025.492135101092,637.702997307487,780.7116696126734,828.8722535501608,828.8722535501608,800.1651398594453,614.5503736885835,4831.961469245681,4833.704933512228,615.5342721739063,969.0786805741615,969.0786805741615,504.2311327840437,595.7160429943622,715.4778776860388,9.598830880728148,51.410448797664934,28.790620215635972,904.3670632972784,783.5115527733567,2216.262725617839,436.61316600764104,179.14912838056995,350.7741838249337,493.61940226692656,440.8009939063206,749.3336702740488,1398.8449970558752,1216.0984674184335,1432.388133484136,38.06263953018165,155.79771798738383,143.09759477483232,138.55135492655967,148.03328934588552,152.49825714625985,145.21989935424554,115.92683037953118,2342.0209232766497,2340.96401635081,2318.2988089004602,2338.520569070432
CORRY STATION,1788.3350916853767,1759.6191619746503,1672.7256791758655,1916.0633285283818,2025.8905495835083,1761.8715496458292,1762.928311263761,1867.522019363245,1873.765525640041,1758.8647011884923,1757.876771791912,2033.1303175111434,1137.6121226412888,827.2199430504103,0.0,334.82628067272503,528.4977937376924,350.98722886357854,93.24582486387528,2.8272785664011044,2.8272785664011044,27.135145319835033,343.6302663152232,4368.660583285073,4368.22787150403,823.4444631494084,166.8556577744737,166.8556577744737,1330.7762834523353,1422.9343446370726,1541.8285413931767,829.2265419998511,824.9775511935021,852.7629418485614,108.49621906142278,167.40606566031548,1875.1533758920198,1263.7103143724555,1004.6828381613136,1175.0447175530524,413.8410602649612,467.35829780571214,372.4393013221762,631.5430460943309,617.4501251141596,666.5252091685278,800.6349244605689,786.6795410427849,780.4966142874608,776.3613272545888,771.6832925654286,784.423448319181,772.6754606740615,776.3489229454275,2216.8238826199704,2212.4840876516937,2201.5295594791455,2229.4859835755706
JACKSONVILLE NAS,2107.3540752268004,2087.9651808509316,2000.93734968192,2232.970689900929,2341.6044206962247,2090.1627441407413,2091.1426748999393,2191.675752551732,2197.789049572885,2087.088930572165,2086.2270685257627,2346.082351412754,939.376420117837,654.9137169953673,334.82628067272503,0.0,389.68670969003296,20.419069998239884,243.06644251926437,334.2072198030209,334.2072198030209,319.1931114727933,41.0567951088163,4698.925807409921,4698.668149474476,902.214561955336,498.39499978965154,498.39499978965154,1143.616355992214,1226.5798445168452,1333.7642564617604,660.3790105188616,633.3227907006974,673.5728674380745,443.29991918385105,438.65235529757376,2177.829710089625,1073.9725398282576,813.3088194922623,971.3692415123455,161.35028767720237,215.5088873010638,592.0232231720521,958.3671339735379,942.3860048834291,993.0730344501061,619.8222476011333,560.4693543944333,560.0349742102563,558.426406430014,550.8724833446952,559.7598478189833,552.7938882415283,567.6452346476815,2474.490403209363,2470.94225142784,2456.7762365835933,2483.0911387033225
KEY WEST NAS,2266.3640985054217,2210.9485930001742,2125.7765009562117,2397.2230235062943,2508.43085977891,2213.3942478807844,2214.7474246856655,2331.9286926190653,2338.483806557129,2210.697249668438,2209.2116781705454,2520.4877079452444,1286.0452789129777,1025.492135101092,528.4977937376924,389.68670969003296,0.0,401.82483731442454,459.4930647555085,526.0422903579107,526.0422903579107,534.05160135644,429.87161152262024,4792.062414740286,4790.620645322161,1274.2186875575344,625.6545747999286,625.6545747999286,1490.996860350917,1565.9992188619196,1662.0958368698246,1032.044764254143,996.5970630734888,1040.5895780758574,605.4313802723647,691.7260326170746,2377.521337072466,1421.6448404049256,1168.6858072689206,1313.3939746492642,543.1520242036295,588.6989657474998,889.0344867603702,989.851620316684,1106.3649094926081,1020.0461066683706,988.543785531453,908.8190860749661,912.1132373642682,912.1651168634116,903.4103678332382,909.1831248516606,905.7609101882457,926.0323073919355,2743.367250594185,2738.8680348983826,2728.5461885166656,2756.749091450901
MAYPORT NAVAL STATION,2119.0995582262913,2101.3693230449126,2014.3277667167833,2244.36944859069,2352.804010714447,2103.554658085424,2104.517869726083,2204.243418240644,2210.332373934724,2100.466928745911,2099.6324280326294,2356.8949837359414,920.5659655210163,637.702997307487,350.98722886357854,20.419069998239884,401.82483731442454,0.0,259.98008942666104,350.4686727337279,350.4686727337279,334.50337046059684,29.364409814530788,4712.594045220409,4712.384095551555,897.260682062964,515.4299904780711,515.4299904780711,1124.9604221909972,1207.5719377978442,1314.3657008162227,643.3029481352855,615.3516053939852,656.0002400141558,459.4764536539831,449.6598526596868,2187.3978957682293,1055.2968328205427,794.9211131743637,952.3489966741946,144.7375497179417,197.48345837764518,597.96553192781,976.3517601719137,955.6331710132972,1011.1013345539018,602.362577519327,541.363473988909,541.1410642234331,539.6330957120473,531.9919853962485,540.7115430642364,533.9429851255865,549.1866664158409,2479.4348518485067,2475.958352755247,2461.5161472556006,2487.675870932934
US Naval Diving & Salvage Training Center,1880.1184517175652,1852.6971672428942,1765.786464527664,2007.5065029640873,2117.144225839947,1854.9447047450774,1855.9944764925103,1960.1179781861892,1966.3441598436248,1851.9315576851798,1850.9550721939368,2123.876414220166,1087.356065923889,780.7116696126734,93.24582486387528,243.06644251926437,459.4930647555085,259.98008942666104,0.0,92.24264084035534,92.24264084035534,83.81860945638726,254.99274313176565,4461.89392998444,4461.465686696934,846.6857161871582,255.45002849026963,255.45002849026963,1284.7430835665552,1374.7812266455603,1490.8484487885921,783.6589248730336,773.369543917558,804.8123274752294,200.96973714969377,235.1705948663069,1963.7730262713624,1216.5917736787173,955.2162936879319,1123.5474313350303,336.8562125005529,393.0355612734673,429.5828378761172,717.6107740803601,709.7908304230731,752.4739692653893,751.4888216969132,725.6191939557754,720.8196613866337,717.2705172717224,711.7915010759765,723.7276954860877,713.0347639262169,719.618507660129,2295.226459883312,2291.0762434758835,2279.325849222964,2306.9041570112327
PENSACOLA NAS,1789.8347884108532,1760.8210528011955,1673.935769607832,1917.6098437538838,2027.4607003056842,1763.0756886653803,1764.1356413691053,1868.8734196216035,1875.120868046186,1760.0717328841388,1759.078530420028,2034.75982537994,1139.1890390024926,828.8722535501608,2.8272785664011044,334.2072198030209,526.0422903579107,350.4686727337279,92.24264084035534,0.0,0.0,29.034151814416184,343.3414299026617,4369.744775782642,4369.303516285273,826.2268662052993,166.82824651633408,166.82824651633408,1332.4845194449422,1424.5882836166968,1543.4059152240543,830.9049032384808,826.4831638282967,854.3784225255117,109.09693750176409,170.13925782934672,1876.9765506507615,1265.3849035581115,1006.2717540042721,1176.5876233932654,414.2894183283683,467.9525105826097,375.2174068370301,631.4214241446005,618.8754533997064,666.397337669724,802.2091615698301,787.8744772361621,781.7383770705744,777.6223407942646,772.9163613435906,785.630748906444,773.9172573845673,777.688011584302,2219.1388595742815,2214.7928816033414,2203.864121939168,2231.832061421915
PENSACOLA NAVAL HOSPITAL,1789.8347884108532,1760.8210528011955,1673.935769607832,1917.6098437538838,2027.4607003056842,1763.0756886653803,1764.1356413691053,1868.8734196216035,1875.120868046186,1760.0717328841388,1759.078530420028,2034.75982537994,1139.1890390024926,828.8722535501608,2.8272785664011044,334.2072198030209,526.0422903579107,350.4686727337279,92.24264084035534,0.0,0.0,29.034151814416184,343.3414299026617,4369.744775782642,4369.303516285273,826.2268662052993,166.82824651633408,166.82824651633408,1332.4845194449422,1424.5882836166968,1543.4059152240543,830.9049032384808,826.4831638282967,854.3784225255117,109.09693750176409,170.13925782934672,1876.9765506507615,1265.3849035581115,1006.2717540042721,1176.5876233932654,414.2894183283683,467.9525105826097,375.2174068370301,631.4214241446005,618.8754533997064,666.397337669724,802.2091615698301,787.8744772361621,781.7383770705744,777.6223407942646,772.9163613435906,785.630748906444,773.9172573845673,777.688011584302,2219.1388595742815,2214.7928816033414,2203.864121939168,2231.832061421915
WHITING FIELD NAS,1796.8833441531658,1771.1864094406556,1684.2247995094142,1924.0900051923516,2033.6462293610946,1773.4170266526285,1774.4431005011782,1877.6062281818968,1883.8091339012756,1770.3828144018723,1769.44548277981,2040.221562137639,1110.6383503104548,800.1651398594453,27.135145319835033,319.1931114727933,534.05160135644,334.50337046059684,83.81860945638726,29.034151814416184,29.034151814416184,0.0,325.4081702840907,4381.201181856679,4380.847075819706,802.763232310666,188.72231945122837,188.72231945122837,1303.6765197363734,1395.8756853088794,1514.8522973885279,802.1493409419504,798.1103484827302,825.745364516038,127.15415361719373,157.8298961094468,1879.9729377635392,1236.6345462316829,977.6949876415804,1148.1166888460045,390.8539408033525,443.5951169502442,359.9447594419532,653.2975882705367,627.1647332336853,688.3024743924838,773.6676780895439,760.5152780057701,754.2028847985134,750.0167705849819,745.4135467316148,758.2242682842789,746.382059263763,749.8117258411072,2214.6213570938753,2210.384799878519,2198.999025861897,2226.7567567228034
KINGS BAY NAVAL SUBMARINE BASE,2102.4368980249433,2087.2908735723086,2000.238383966192,2227.197199300329,2335.342552335456,2089.4554699301257,2090.3906325514517,2188.803872790925,2194.854351722775,2086.3449075432486,2085.5562464537006,2338.9057466624454,900.8104124472592,614.5503736885835,343.6302663152232,41.0567951088163,429.87161152262024,29.364409814530788,254.99274313176565,343.3414299026617,343.3414299026617,325.4081702840907,0.0,4698.786410959475,4698.6581579062085,868.0849101212661,509.61358427336927,509.61358427336927,1104.7578006703495,1188.3470118611874,1296.4300791780772,619.9249791214708,593.6400013599475,633.4884991939102,451.7544424528326,432.8480928249703,2167.835246851138,1035.154708779937,774.0997329674418,933.1999440271463,120.95504116249052,176.30335556874923,574.9979219266844,972.6033755298972,941.6131306986476,1007.4637320789348,579.6540496216976,522.6266073001736,521.748615683469,519.9510372199892,512.5653981527227,521.7905959758141,514.4289660257219,528.6130548105496,2455.145245513088,2451.7290126736543,2437.0581024980097,2463.089864457617
NAVAL COMPUTER TELECOMM AREA MSTR STATN,2614.7171457485365,2611.553822139148,2698.604916877716,2500.42848751354,2400.864535081197,2609.405612312208,2608.4955942091856,2515.8958692690358,2510.1837921180713,2612.5357881557215,2613.2866282425307,2409.9581152821534,5045.904396053607,4831.961469245681,4368.660583285073,4698.925807409921,4792.062414740286,4712.594045220409,4461.89392998444,4369.744775782642,4369.744775782642,4381.201181856679,4698.786410959475,0.0,11.571020688434174,4236.410035498753,4216.034331280895,4216.034331280895,5109.445077617134,5191.017037358969,5303.117939892155,4825.521316488562,4871.191996363454,4857.8504886185765,4262.1861658271555,4267.942362473164,2618.70809501338,5084.296308080706,4958.818719467516,5082.353264781779,4724.309073790754,4757.799973385087,4170.842378164316,3802.3586030129104,3757.181195175045,3772.0177277198873,4837.760050988937,4918.962464528905,4904.535853711678,4897.455844385396,4900.171649750919,4914.718390479487,4899.009960809666,4880.099016599599,2663.849765471492,2660.523919524698,2693.271578022835,2687.7002023162145
PEARL HARBOR NAVAL COMPLEX,2615.652751903792,2611.4996222996156,2698.547134929775,2501.6892740385965,2402.3771153432676,2609.3592832709533,2608.4597550218205,2516.400997244711,2510.707783549105,2612.497612335103,2613.231440142263,2411.719657851875,5048.335036264356,4833.704933512228,4368.22787150403,4698.668149474476,4790.620645322161,4712.384095551555,4461.465686696934,4369.303516285273,4369.303516285273,4380.847075819706,4698.6581579062085,11.571020688434174,0.0,4238.648899449791,4215.379723678124,4215.379723678124,5112.453571964049,5194.181826681561,5306.46148780659,4827.286708711253,4872.833184716959,4859.632520155779,4261.6853578528,4267.95076237164,2620.8929747704506,5087.113408956704,4960.947440571561,5084.838888917674,4724.552894019435,4758.19350396208,4171.457245624831,3800.9785873173914,3757.045291686899,3770.5759008861437,4839.387716649044,4920.30854693194,4905.899968554905,4898.823675643985,4901.510899812373,4916.067969077085,4900.357104801651,4881.517908055456,2668.755739904028,2665.393973107366,2698.19604702217,2692.756222429707
GREAT LAKES NAVAL TRAINING CENTER,1656.5886901792462,1728.6042709141793,1649.940008025018,1754.0505681583838,1844.8485455816972,1729.8833050749347,1729.8117255271418,1776.3002573033127,1780.5774319996663,1726.3241131450122,1727.110429222323,1830.6043961356686,811.930282909881,615.5342721739063,823.4444631494084,902.214561955336,1274.2186875575344,897.260682062964,846.6857161871582,826.2268662052993,826.2268662052993,802.763232310666,868.0849101212661,4236.410035498753,4238.648899449791,0.0,871.3573486254008,871.3573486254008,908.3107143945603,1001.554059259701,1127.0691518952192,607.5695892340204,662.0539231401423,637.8112701700495,828.0149822979115,675.6638883891446,1617.792610530626,868.4876892824584,723.2081696533822,849.7868999401236,789.494087601065,776.4823324555487,493.7771968024557,1141.2238748587563,841.3922303931988,1167.1391600855193,631.2685973471707,738.3080463011169,722.7391623949961,715.7164887412581,721.7190284259805,733.9448320149863,719.6728326795132,693.5028997394295,1728.6373321369288,1727.3465289387627,1705.434097770601,1726.4315524957062
"NEW ORLEANS NAS, JOINT RESERVE BASE",1650.7978357006316,1611.4221815441176,1524.884605445964,1780.2832735618463,1890.9679777867045,1613.7424286729383,1614.8980421133413,1724.202016788487,1730.579138771614,1610.8294309967607,1609.677523434639,1900.8226208220142,1280.966351422117,969.0786805741615,166.8556577744737,498.39499978965154,625.6545747999286,515.4299904780711,255.45002849026963,166.82824651633408,166.82824651633408,188.72231945122837,509.61358427336927,4216.034331280895,4215.379723678124,871.3573486254008,0.0,0.0,1468.787468029557,1562.8500126491733,1684.341331124911,970.1404389783052,971.6835230548777,995.7832158101983,65.38082707876882,205.97217574849876,1752.7246450602347,1403.1972517036247,1148.0212196101072,1319.4557146886189,579.5678505990071,631.9786291100843,381.48196922659025,464.77036987894974,482.47400834189,499.7640648855766,945.2789852931431,941.6560744036408,934.43080832593,929.85728510087,925.8446109318514,939.131388279976,926.6326087163845,927.9205996030385,2127.5086412818646,2122.6341502729856,2114.0040179379494,2142.94664818301
NEW ORLEANS NAVAL SUPPORT ACTIVITY,1650.7978357006316,1611.4221815441176,1524.884605445964,1780.2832735618463,1890.9679777867045,1613.7424286729383,1614.8980421133413,1724.202016788487,1730.579138771614,1610.8294309967607,1609.677523434639,1900.8226208220142,1280.966351422117,969.0786805741615,166.8556577744737,498.39499978965154,625.6545747999286,515.4299904780711,255.45002849026963,166.82824651633408,166.82824651633408,188.72231945122837,509.61358427336927,4216.034331280895,4215.379723678124,871.3573486254008,0.0,0.0,1468.787468029557,1562.8500126491733,1684.341331124911,970.1404389783052,971.6835230548777,995.7832158101983,65.38082707876882,205.97217574849876,1752.7246450602347,1403.1972517036247,1148.0212196101072,1319.4557146886189,579.5678505990071,631.9786291100843,381.48196922659025,464.77036987894974,482.47400834189,499.7640648855766,945.2789852931431,941.6560744036408,934.43080832593,929.85728510087,925.8446109318514,939.131388279976,926.6326087163845,927.9205996030385,2127.5086412818646,2122.6341502729856,2114.0040179379494,2142.94664818301
BRUNSWICK NAS,2560.5132264700105,2636.914341478234,2558.113209190288,2652.9227109672834,2739.014556467629,2638.1914825557374,2638.1167758534593,2682.3525892323373,2686.458768127949,2634.6319906653925,2635.4208902380574,2720.9880848219564,205.23017975445097,504.2311327840437,1330.7762834523353,1143.616355992214,1490.996860350917,1124.9604221909972,1284.7430835665552,1332.4845194449422,1332.4845194449422,1303.6765197363734,1104.7578006703495,5109.445077617134,5112.453571964049,908.3107143945603,1468.787468029557,1468.787468029557,0.0,97.60608926429978,225.5592660119312,501.7523173588921,513.8988094066324,479.96476680315044,1404.7101204544945,1276.6687077998577,2501.731507859784,69.70239197869006,331.49472715934417,178.93742132227985,984.8859009981952,928.4544512985138,1210.3637649572177,1884.0409726222997,1665.642968066165,1916.5833261040866,533.532615828045,585.15492629915,584.1722156837344,585.4159296771024,593.2627747373285,585.3821348048415,591.2278368330353,576.1721046400212,2506.4462894435383,2507.2919381105203,2479.4876819162164,2494.076824478937
WINTER HARBOR NAVAL SECURITY GROUP ACTIVITY,2650.781994982026,2729.8212399924205,2651.466527976555,2741.6778542241777,2826.58457714782,2731.0695015961846,2730.9660503031746,2773.396533327613,2777.425137779977,2727.506955314539,2728.338765231292,2807.758516323297,288.368301815675,595.7160429943622,1422.9343446370726,1226.5798445168452,1565.9992188619196,1207.5719377978442,1374.7812266455603,1424.5882836166968,1424.5882836166968,1395.8756853088794,1188.3470118611874,5191.017037358969,5194.181826681561,1001.554059259701,1562.8500126491733,1562.8500126491733,97.60608926429978,0.0,128.09828371599937,593.8068639475902,601.8567907081984,570.4795079254549,1498.5459977436392,1372.0165848959657,2587.490600522133,159.65730566585617,419.5904175813548,255.22446585293295,1069.3526841409923,1012.2508893307754,1307.7860274369398,1980.6109504175442,1763.2430909882637,2013.2480130568565,623.393660736816,666.2548155526698,666.6065898172491,668.4342584259266,675.7856727014702,666.8618456054969,673.9185962033614,661.0026870149994,2577.5445677766133,2578.6445958756913,2550.239007563285,2564.008352495628
ANNAPOLIS NS,2772.937644940403,2854.541949460071,2776.615091237811,2862.2692287650907,2945.9190110528234,2855.762743661246,2855.6321062817196,2896.300568804434,2900.251206933435,2852.1977880214627,2853.0700409973347,2926.257495998654,404.21689148912014,715.4778776860388,1541.8285413931767,1333.7642564617604,1662.0958368698246,1314.3657008162227,1490.8484487885921,1543.4059152240543,1543.4059152240543,1514.8522973885279,1296.4300791780772,5303.117939892155,5306.46148780659,1127.0691518952192,1684.341331124911,1684.341331124911,225.5592660119312,128.09828371599937,0.0,714.2189142090444,717.6794993053967,689.294624322075,1619.7465723148114,1495.5134477916386,2705.0029486110916,283.95250064183546,537.1740873658051,367.3091481291857,1178.8964102586162,1121.164536163333,1434.8729748266198,2105.9252365299403,1891.1136883600811,2138.7278696722583,741.1970595879365,774.0168076032569,775.8480541874442,778.3107195772554,785.0505857922248,775.0402017480925,783.3859016408894,772.955033017264,2678.866550151103,2680.2551873665825,2651.192566082578,2664.0124493380094
BETHESDA NATIONAL NAVAL MEDICAL CENTER,2222.4150425665916,2267.6765076482184,2184.247837184605,2329.17811853896,2425.6851774043807,2269.2920724109836,2269.569492962873,2334.131984622388,2339.0373507092277,2265.812282097034,2266.066191289931,2415.56974232915,311.2141958587901,9.598830880728148,829.2265419998511,660.3790105188616,1032.044764254143,643.3029481352855,783.6589248730336,830.9049032384808,830.9049032384808,802.1493409419504,619.9249791214708,4825.521316488562,4827.286708711253,607.5695892340204,970.1404389783052,970.1404389783052,501.7523173588921,593.8068639475902,714.2189142090444,0.0,60.94018546007624,32.788004236003765,905.5280973217607,783.5941780161745,2209.527941710744,434.48540322489794,178.8894042797317,350.4187115960032,499.04123650085234,446.641254883213,746.8783963313444,1398.4128496663614,1213.4534165773664,1431.8858244026853,46.37103310954119,165.2961428836328,152.4996385626394,147.87312953810243,157.32212306380237,161.9699554376151,154.51180640639558,125.09586998176464,2333.6706745472407,2332.633233400646,2309.910144639359,2330.0800183745
PATUXENT RIVER NAS,2264.806565567618,2305.728827938201,2221.7622909842844,2373.1035890219778,2470.6254445587833,2307.3917531058455,2307.7209802156676,2375.013964482174,2380.01612707668,2303.930351505539,2304.1041123261375,2461.380825233165,314.0011439773888,51.410448797664934,824.9775511935021,633.3227907006974,996.5970630734888,615.3516053939852,773.369543917558,826.4831638282967,826.4831638282967,798.1103484827302,593.6400013599475,4871.191996363454,4872.833184716959,662.0539231401423,971.6835230548777,971.6835230548777,513.8988094066324,601.8567907081984,717.6794993053967,60.94018546007624,0.0,47.78422911257099,906.5550625500808,791.7063899030662,2257.0428128740004,444.8589289604823,182.5377846880631,350.41907939559354,472.959502833226,417.88370617670074,770.5870823004432,1408.872950886466,1237.6284843801911,1442.7572172675548,33.7268584246397,107.3314271633927,96.17634026158522,92.78050805390927,102.46911749652143,104.4655567124285,99.6765297836296,72.89460007886368,2389.7538430084555,2388.619173807828,2366.185671854498,2386.611538899951
U.S. NAVAL ACADEMY,2255.091801622361,2300.461985257901,2217.026310577764,2361.7355632797567,2458.1362385160246,2302.077942391014,2302.355752019811,2366.880694406663,2371.7825000046078,2298.5982880760153,2298.8515407488617,2447.9129660665767,285.2860436346021,28.790620215635972,852.7629418485614,673.5728674380745,1040.5895780758574,656.0002400141558,804.8123274752294,854.3784225255117,854.3784225255117,825.745364516038,633.4884991939102,4857.8504886185765,4859.632520155779,637.8112701700495,995.7832158101983,995.7832158101983,479.96476680315044,570.4795079254549,689.294624322075,32.788004236003765,47.78422911257099,0.0,930.9679135514162,811.1809906329424,2241.612323356604,411.82436796928715,152.2670248781201,323.7024208664942,512.5550426997609,458.63813438953997,778.1199900665036,1426.8654426959076,1244.8890847575874,1460.4548996302735,54.128709628349654,154.6270194492567,143.89308630089317,140.5646755129981,150.25323131948645,151.92613029322823,147.46009011007894,120.28254839133533,2362.694275171662,2361.718879066683,2338.8093467432655,2358.8034077635743
GULFPORT NAVAL CONSTRUCTION BATTALION CENTER,1687.0804721409284,1654.3390336334246,1567.5433814385476,1815.5832115300498,1925.8094264424922,1656.6149275830476,1657.7054598376274,1764.0185965515593,1770.3143023331947,1653.6391420394807,1652.595447386807,1934.1731717238856,1216.2037991355812,904.3670632972784,108.49621906142278,443.29991918385105,605.4313802723647,459.4764536539831,200.96973714969377,109.09693750176409,109.09693750176409,127.15415361719373,451.7544424528326,4262.1861658271555,4261.6853578528,828.0149822979115,65.38082707876882,65.38082707876882,1404.7101204544945,1498.5459977436392,1619.7465723148114,905.5280973217607,906.5550625500808,930.9679135514162,0.0,153.59247542382678,1780.5815930063557,1338.9089226443082,1083.2255985637682,1254.5972005494034,516.8751814580513,568.4949940913565,346.13801093379357,526.9906385473963,515.7900053492094,561.9970432619511,880.2996466267313,876.2952655699479,869.052854206843,864.4767852004716,860.4694003522744,873.7646373919089,861.2550840177804,862.5582692085225,2139.1639021330257,2134.5349504203296,2124.8231452696928,2153.3286035075134
MERIDIAN NAS,1669.6578215638124,1656.5000106141958,1569.4665732122119,1794.7235625378844,1903.150302262491,1658.6260357871818,1659.5104234695227,1756.2540719367382,1762.277239222056,1655.4756976739986,1654.7702668284162,1907.4362480980794,1094.5938051823803,783.5115527733567,167.40606566031548,438.65235529757376,691.7260326170746,449.6598526596868,235.1705948663069,170.13925782934672,170.13925782934672,157.8298961094468,432.8480928249703,4267.942362473164,4267.95076237164,675.6638883891446,205.97217574849876,205.97217574849876,1276.6687077998577,1372.0165848959657,1495.5134477916386,783.5941780161745,791.7063899030662,811.1809906329424,153.59247542382678,0.0,1740.3469404522339,1212.557798438739,962.468467100828,1134.0035855477868,462.28198717035616,504.43955892538304,205.84879048679318,617.5813353499248,512.5446536519689,651.7212577373853,763.074831350771,775.2147116884908,766.1056664071101,760.7982052533239,758.0780811225931,772.2032548158057,758.4711526029315,755.5772603353935,2060.3403550359885,2056.237299039032,2044.3162354252008,2071.8341923208354
FALLON NAS,264.97002941062027,472.4953503373417,486.2240421382347,226.30149730579674,258.1390460128922,470.72595976159334,468.48311636402457,364.6654889286347,362.29095734814524,469.20054470618055,472.80842266693793,226.41568380526476,2428.2728844832604,2216.262725617839,1875.1533758920198,2177.829710089625,2377.521337072466,2187.3978957682293,1963.7730262713624,1876.9765506507615,1876.9765506507615,1879.9729377635392,2167.835246851138,2618.70809501338,2620.8929747704506,1617.792610530626,1752.7246450602347,1752.7246450602347,2501.731507859784,2587.490600522133,2705.0029486110916,2209.527941710744,2257.0428128740004,2241.612323356604,1780.5815930063557,1740.3469404522339,0.0,2472.165637809597,2340.137035162108,2465.2086382489297,2167.2673698293206,2191.1567261586647,1602.287785261257,1470.0776648115623,1271.1738443614015,1453.2983067520295,2223.898271655569,2311.103198880321,2296.256535167304,2289.104007030044,2292.5560882318164,2306.781982778713,2291.1900122403135,2270.5283011080733,608.3592715597173,599.4615426306918,618.413546045357,647.8878233769756
PORTSMOUTH NAVAL SHIPYARD,2524.1755925143557,2595.88719856825,2516.243245866393,2618.9282980367175,2706.7447206337024,2597.219307689712,2597.199736783078,2644.66457611172,2648.9005041802125,2593.667135650363,2594.3732331221217,2689.878692919877,135.65695259458323,436.61316600764104,1263.7103143724555,1073.9725398282576,1421.6448404049256,1055.2968328205427,1216.5917736787173,1265.3849035581115,1265.3849035581115,1236.6345462316829,1035.154708779937,5084.296308080706,5087.113408956704,868.4876892824584,1403.1972517036247,1403.1972517036247,69.70239197869006,159.65730566585617,283.95250064183546,434.48540322489794,444.8589289604823,411.82436796928715,1338.9089226443082,1212.557798438739,2472.165637809597,0.0,262.3387286246893,111.78580444019337,915.3534618960771,858.8528527773573,1151.588026837416,1822.0448733430062,1609.7042082652824,1854.8119877291097,465.1356703389658,515.4662107405449,514.4724008295158,515.7296837475816,523.5647591307852,515.6845935958657,521.5330024720561,506.6052397062167,2494.1906062681865,2494.7703559733936,2467.6153091901097,2483.0365815154114
EARLE NAVAL WEAPONS STATION,2366.9745222476135,2421.329013083412,2339.0093560180985,2469.778865680236,2563.437949570276,2422.8531510916573,2423.032269451029,2481.946249770569,2486.6323195691225,2419.3432262980486,2419.747922253834,2550.904712417516,133.03356532862793,179.14912838056995,1004.6828381613136,813.3088194922623,1168.6858072689206,794.9211131743637,955.2162936879319,1006.2717540042721,1006.2717540042721,977.6949876415804,774.0997329674418,4958.818719467516,4960.947440571561,723.2081696533822,1148.0212196101072,1148.0212196101072,331.49472715934417,419.5904175813548,537.1740873658051,178.8894042797317,182.5377846880631,152.2670248781201,1083.2255985637682,962.468467100828,2340.137035162108,262.3387286246893,0.0,171.6268738233341,653.8719858914658,597.8700436862896,921.1563780400666,1577.1615055565323,1386.4129592271704,1610.5799814499887,204.13155987962278,260.0084846217979,256.7170761671457,257.0650392092515,265.54469974039085,259.52813679817035,263.2834002163495,245.76297733982335,2426.3911281277788,2425.9721104088685,2401.4553457426778,2419.870289872232
NEWPORT NAVAL EDUCATION AND TRAINING CENTER,2504.7889459103385,2567.4598813015377,2486.2989416425694,2603.722527058829,2694.5433564651535,2568.896566428248,2568.9839184883485,2622.5490211612873,2627.023057628866,2565.36404322487,2565.9084350882345,2679.796047410504,40.87250748806799,350.7741838249337,1175.0447175530524,971.3692415123455,1313.3939746492642,952.3489966741946,1123.5474313350303,1176.5876233932654,1176.5876233932654,1148.1166888460045,933.1999440271463,5082.353264781779,5084.838888917674,849.7868999401236,1319.4557146886189,1319.4557146886189,178.93742132227985,255.22446585293295,367.3091481291857,350.4187115960032,350.41907939559354,323.7024208664942,1254.5972005494034,1134.0035855477868,2465.2086382489297,111.78580444019337,171.6268738233341,0.0,814.4137352136637,757.1769653293434,1088.1876380735437,1748.2307980532255,1551.6617786608745,1781.5558140211538,374.6119484292977,411.0352701836202,411.4532551823487,413.38313609063897,420.63967416025116,411.6379555412031,418.7999654718736,406.6134383360176,2516.313571390006,2516.4681291809734,2490.396250379394,2507.1096821289148
BEAUFORT NAVAL HOSPITAL,2117.2020700003623,2114.3781248775804,2027.4665971270836,2239.1553153389245,2345.629743643424,2116.443563354308,2117.248718921441,2209.3399227976656,2215.1950300511817,2113.235346069244,2112.657501026603,2346.4637112577184,781.4148657998052,493.61940226692656,413.8410602649612,161.35028767720237,543.1520242036295,144.7375497179417,336.8562125005529,414.2894183283683,414.2894183283683,390.8539408033525,120.95504116249052,4724.309073790754,4724.552894019435,789.494087601065,579.5678505990071,579.5678505990071,984.8859009981952,1069.3526841409923,1178.8964102586162,499.04123650085234,472.959502833226,512.5550426997609,516.8751814580513,462.28198717035616,2167.2673698293206,915.3534618960771,653.8719858914658,814.4137352136637,0.0,58.337262579364385,564.981742120811,1043.8455653279373,973.9553789853178,1078.8535153543598,458.7034968444007,404.9579467303714,403.1996143728312,401.05262573790867,393.99639925231475,403.8653411242118,395.7462704547045,408.76784483979236,2424.5721328783957,2421.5914790551033,2405.298416988924,2430.3590800392226
NAVAL BASE CHARLESTON,2147.652047599455,2149.75522085517,2062.982483531867,2268.323321803783,2374.000776187686,2151.7802049650304,2152.5340665564295,2242.0426942233153,2247.814045168828,2148.537024138713,2148.0416430758078,2373.681075040675,724.5671437483064,440.8009939063206,467.35829780571214,215.5088873010638,588.6989657474998,197.48345837764518,393.0355612734673,467.9525105826097,467.9525105826097,443.5951169502442,176.30335556874923,4757.799973385087,4758.19350396208,776.4823324555487,631.9786291100843,631.9786291100843,928.4544512985138,1012.2508893307754,1121.164536163333,446.641254883213,417.88370617670074,458.63813438953997,568.4949940913565,504.43955892538304,2191.1567261586647,858.8528527773573,597.8700436862896,757.1769653293434,58.337262579364385,0.0,590.8175778139791,1095.2882179591434,1013.3704093685604,1130.2806437107997,405.12501388387284,347.1490183733277,345.7650902275658,343.8171803797048,336.56918814528626,346.14957043803173,338.38159233008525,352.31644690619316,2434.228654109167,2431.4656872565965,2414.386604899179,2438.940491063805
Naval Support Activity Mid-South,1558.093964743954,1568.790611947035,1482.6294289839273,1677.8612647697692,1783.2589334599695,1570.7034639500378,1571.3207059804324,1655.2315037556182,1660.8621047782983,1567.376389173252,1567.1000980240099,1782.889708430656,1047.4520432956438,749.3336702740488,372.4393013221762,592.0232231720521,889.0344867603702,597.96553192781,429.5828378761172,375.2174068370301,375.2174068370301,359.9447594419532,574.9979219266844,4170.842378164316,4171.457245624831,493.7771968024557,381.48196922659025,381.48196922659025,1210.3637649572177,1307.7860274369398,1434.8729748266198,746.8783963313444,770.5870823004432,778.1199900665036,346.13801093379357,205.84879048679318,1602.287785261257,1151.588026837416,921.1563780400666,1088.1876380735437,564.981742120811,590.8175778139791,0.0,685.360511793129,467.07698133393836,715.7732425121518,738.2418362060697,782.5783025168582,770.4462157047157,764.0363287983851,763.9209927320526,778.8293554073899,763.5473049462831,752.6698529135973,1883.006817098026,1879.3607260464178,1865.6303794464036,1892.2461716942637
CORPUS CHRISTI NAS,1314.8189280519205,1233.6137456491922,1150.7943985281647,1447.3009414405412,1558.372563518199,1236.160858878388,1237.699490283664,1363.4635236490337,1370.216282250441,1233.7073809421993,1231.9012357380104,1577.651730592454,1708.338149647217,1398.8449970558752,631.5430460943309,958.3671339735379,989.851620316684,976.3517601719137,717.6107740803601,631.4214241446005,631.4214241446005,653.2975882705367,972.6033755298972,3802.3586030129104,3800.9785873173914,1141.2238748587563,464.77036987894974,464.77036987894974,1884.0409726222997,1980.6109504175442,2105.9252365299403,1398.4128496663614,1408.872950886466,1426.8654426959076,526.9906385473963,617.5813353499248,1470.0776648115623,1822.0448733430062,1577.1615055565323,1748.2307980532255,1043.8455653279373,1095.2882179591434,685.360511793129,0.0,351.0796502233401,35.00829831328918,1379.7693620869118,1391.4600758283198,1382.8107309146812,1377.6553869147763,1374.635742844737,1388.5744421837658,1375.1244628654053,1372.9630105092963,1944.3032668757953,1937.8719374585667,1936.941133953843,1968.0975776722173
"FORT WORTH NAS, JOINT RESERVE BASE",1171.3585726806919,1145.7612334174623,1058.7142974876601,1299.8033522534165,1410.0923537977358,1147.9397830849732,1148.895490527331,1250.4417367858107,1256.6447762939645,1144.8457365288339,1144.025116653643,1418.9651126085826,1510.814925516536,1216.0984674184335,617.4501251141596,942.3860048834291,1106.3649094926081,955.6331710132972,709.7908304230731,618.8754533997064,618.8754533997064,627.1647332336853,941.6131306986476,3757.181195175045,3757.045291686899,841.3922303931988,482.47400834189,482.47400834189,1665.642968066165,1763.2430909882637,1891.1136883600811,1213.4534165773664,1237.6284843801911,1244.8890847575874,515.7900053492094,512.5446536519689,1271.1738443614015,1609.7042082652824,1386.4129592271704,1551.6617786608745,973.9553789853178,1013.3704093685604,467.07698133393836,351.0796502233401,0.0,364.90424909886195,1205.3176569467137,1246.1652928117687,1234.600453019206,1228.3723622737577,1227.7232772472269,1242.5549897617705,1227.5090475490924,1218.0232475627881,1674.2575591999744,1668.7084541619088,1663.2790589922306,1693.3587637771889
KINGSVILLE NAS,1293.4249272671789,1208.2297157516784,1125.9921897282507,1425.871969755479,1536.747280379533,1210.794604695787,1212.3692281706694,1339.522476710956,1346.2983106406432,1208.3936964031213,1206.5242468544825,1556.8698751821128,1741.607032875079,1432.388133484136,666.5252091685278,993.0730344501061,1020.0461066683706,1011.1013345539018,752.4739692653893,666.397337669724,666.397337669724,688.3024743924838,1007.4637320789348,3772.0177277198873,3770.5759008861437,1167.1391600855193,499.7640648855766,499.7640648855766,1916.5833261040866,2013.2480130568565,2138.7278696722583,1431.8858244026853,1442.7572172675548,1460.4548996302735,561.9970432619511,651.7212577373853,1453.2983067520295,1854.8119877291097,1610.5799814499887,1781.5558140211538,1078.8535153543598,1130.2806437107997,715.7732425121518,35.00829831328918,364.90424909886195,0.0,1413.5431113083334,1425.9171912938548,1417.2081544041362,1412.0288564996779,1409.0532363018028,1423.016612009127,1409.5288410378441,1407.2168459136349,1934.9981899159882,1928.4514258162487,1928.1615136760745,1959.433253702271
"NAVAL SURFACE WARFARE CENTER, DAHLGREN DIVISION",2231.1433585012173,2272.0209399056716,2188.0685980126764,2339.533708733103,2437.142634839114,2273.6827658846773,2274.010819364717,2341.2994269718256,2346.3035956784806,2270.220923980415,2270.3965584567013,2427.9923639142844,336.9805265319646,38.06263953018165,800.6349244605689,619.8222476011333,988.543785531453,602.362577519327,751.4888216969132,802.2091615698301,802.2091615698301,773.6676780895439,579.6540496216976,4837.760050988937,4839.387716649044,631.2685973471707,945.2789852931431,945.2789852931431,533.532615828045,623.393660736816,741.1970595879365,46.37103310954119,33.7268584246397,54.128709628349654,880.2996466267313,763.074831350771,2223.898271655569,465.1356703389658,204.13155987962278,374.6119484292977,458.7034968444007,405.12501388387284,738.2418362060697,1379.7693620869118,1205.3176569467137,1413.5431113083334,0.0,122.34450479043737,108.5802579125494,103.37492111051438,112.5682466184322,118.69469190166816,109.78989015001056,79.92315580721994,2359.5193882591184,2358.3246596799486,2336.074776868972,2356.668992495753
"DAM NECK FLEET COMBAT TRAINING CENTER, ATLANTIC",2307.1107421357065,2338.578356396942,2253.6160374249803,2418.687080756893,2518.397365442827,2340.338915693722,2340.7773790685396,2413.837229030463,2419.043470095178,2336.9220018011483,2336.9257601169033,2511.176663413968,380.0751766976785,155.79771798738383,786.6795410427849,560.4693543944333,908.8190860749661,541.363473988909,725.6191939557754,787.8744772361621,787.8744772361621,760.5152780057701,522.6266073001736,4918.962464528905,4920.30854693194,738.3080463011169,941.6560744036408,941.6560744036408,585.15492629915,666.2548155526698,774.0168076032569,165.2961428836328,107.3314271633927,154.6270194492567,876.2952655699479,775.2147116884908,2311.103198880321,515.4662107405449,260.0084846217979,411.0352701836202,404.9579467303714,347.1490183733277,782.5783025168582,1391.4600758283198,1246.1652928117687,1425.9171912938548,122.34450479043737,0.0,15.569468625550803,22.63370576595575,18.925629434808084,4.392805499502206,19.954994223716287,45.4947968261029,2466.36186668824,2464.929623160859,2443.4057384737325,2464.6197135253537
LITTLE CREEK NAVAL AMPHIBIOUS BASE,2292.944433601032,2325.0808499536065,2240.187628599668,2404.319752814513,2503.9034662459517,2326.8341577798333,2327.2644033875436,2399.91174285816,2405.104195905565,2323.4136228542943,2323.4302385723777,2496.565965982903,379.4644772394764,143.09759477483232,780.4966142874608,560.0349742102563,912.1132373642682,541.1410642234331,720.8196613866337,781.7383770705744,781.7383770705744,754.2028847985134,521.748615683469,4904.535853711678,4905.899968554905,722.7391623949961,934.43080832593,934.43080832593,584.1722156837344,666.6065898172491,775.8480541874442,152.4996385626394,96.17634026158522,143.89308630089317,869.052854206843,766.1056664071101,2296.256535167304,514.4724008295158,256.7170761671457,411.4532551823487,403.1996143728312,345.7650902275658,770.4462157047157,1382.8107309146812,1234.600453019206,1417.2081544041362,108.5802579125494,15.569468625550803,0.0,7.180882678311227,9.20420316688096,11.223830129301495,7.821154028445454,30.227624920273676,2450.806548655952,2449.3770101262003,2427.8454744447313,2449.054737730402
NORFOLK NB,2285.9232779736335,2318.2327939503784,2233.3592128652363,2397.2533855298057,2496.8109223762362,2319.984072366079,2320.412024922407,2392.9492211220763,2398.1381803605896,2316.5625345845942,2316.582741162626,2489.4512279356672,380.95049420809767,138.55135492655967,776.3613272545888,558.426406430014,912.1651168634116,539.6330957120473,717.2705172717224,777.6223407942646,777.6223407942646,750.0167705849819,519.9510372199892,4897.455844385396,4898.823675643985,715.7164887412581,929.85728510087,929.85728510087,585.4159296771024,668.4342584259266,778.3107195772554,147.87312953810243,92.78050805390927,140.5646755129981,864.4767852004716,760.7982052533239,2289.104007030044,515.7296837475816,257.0650392092515,413.38313609063897,401.05262573790867,343.8171803797048,764.0363287983851,1377.6553869147763,1228.3723622737577,1412.0288564996779,103.37492111051438,22.63370576595575,7.180882678311227,0.0,9.688838079479785,18.249348395512808,6.909330276405709,24.008931097181183,2443.73596744959,2442.3015764899715,2420.7855237824992,2442.0088214457073
NORFOLK NAVAL SHIPYARD,2288.243151602935,2319.6550823657108,2234.6961132294246,2399.8769611054176,2499.636732786172,2321.4153708269873,2321.853546468549,2394.9285601412334,2400.1364259112834,2317.998326824047,2318.00256274736,2492.4729048515087,388.595876572375,148.03328934588552,771.6832925654286,550.8724833446952,903.4103678332382,531.9919853962485,711.7915010759765,772.9163613435906,772.9163613435906,745.4135467316148,512.5653981527227,4900.171649750919,4901.510899812373,721.7190284259805,925.8446109318514,925.8446109318514,593.2627747373285,675.7856727014702,785.0505857922248,157.32212306380237,102.46911749652143,150.25323131948645,860.4694003522744,758.0780811225931,2292.5560882318164,523.5647591307852,265.54469974039085,420.63967416025116,393.99639925231475,336.56918814528626,763.9209927320526,1374.635742844737,1227.7232772472269,1409.0532363018028,112.5682466184322,18.925629434808084,9.20420316688096,9.688838079479785,0.0,14.935841685555607,2.8185213885468925,32.75466530913716,2449.433771852517,2447.9686723753357,2426.548229912835,2447.8521186429894
OCEANA NAS,2302.9173237900836,2334.5259917634676,2249.578689418287,2414.4537699902257,2514.139730856849,2336.284971842513,2336.7216450675373,2409.693431723522,2414.8967974653638,2332.867265184624,2332.873826671672,2506.8971868682224,380.3844799163863,152.49825714625985,784.423448319181,559.7598478189833,909.1831248516606,540.7115430642364,723.7276954860877,785.630748906444,785.630748906444,758.2242682842789,521.7905959758141,4914.718390479487,4916.067969077085,733.9448320149863,939.131388279976,939.131388279976,585.3821348048415,666.8618456054969,775.0402017480925,161.9699554376151,104.4655567124285,151.92613029322823,873.7646373919089,772.2032548158057,2306.781982778713,515.6845935958657,259.52813679817035,411.6379555412031,403.8653411242118,346.14957043803173,778.8293554073899,1388.5744421837658,1242.5549897617705,1423.016612009127,118.69469190166816,4.392805499502206,11.223830129301495,18.249348395512808,14.935841685555607,0.0,15.729672364521587,41.29734646548355,2461.9837903676307,2460.550181780447,2439.0307709627323,2460.249069484267
PORTSMOUTH NAVAL MEDICAL CENTER,2287.1884835301034,2318.8516543113224,2233.91659741946,2398.738345485865,2498.442487611887,2320.609406828223,2321.0447025158555,2393.968954419455,2399.1715484435304,2317.191089821569,2317.1998267882864,2491.2248010733338,386.62574767494243,145.21989935424554,772.6754606740615,552.7938882415283,905.7609101882457,533.9429851255865,713.0347639262169,773.9172573845673,773.9172573845673,746.382059263763,514.4289660257219,4899.009960809666,4900.357104801651,719.6728326795132,926.6326087163845,926.6326087163845,591.2278368330353,673.9185962033614,783.3859016408894,154.51180640639558,99.6765297836296,147.46009011007894,861.2550840177804,758.4711526029315,2291.1900122403135,521.5330024720561,263.2834002163495,418.7999654718736,395.7462704547045,338.38159233008525,763.5473049462831,1375.1244628654053,1227.5090475490924,1409.5288410378441,109.78989015001056,19.954994223716287,7.821154028445454,6.909330276405709,2.8185213885468925,15.729672364521587,0.0,30.02137448913061,2447.471422659729,2446.01424831778,2424.5691271449714,2445.85231547095
YORKTOWN NAVAL WEAPONS STATION,2269.354304006138,2303.3807183093863,2218.681205094485,2380.122807988138,2479.313198656463,2305.1141141479297,2305.5218772630437,2377.0140783411357,2382.166893374613,2301.6839028035815,2301.735629444306,2471.6079266093175,372.78995167074424,115.92683037953118,776.3489229454275,567.6452346476815,926.0323073919355,549.1866664158409,719.618507660129,777.688011584302,777.688011584302,749.8117258411072,528.6130548105496,4880.099016599599,4881.517908055456,693.5028997394295,927.9205996030385,927.9205996030385,576.1721046400212,661.0026870149994,772.955033017264,125.09586998176464,72.89460007886368,120.28254839133533,862.5582692085225,755.5772603353935,2270.5283011080733,506.6052397062167,245.76297733982335,406.6134383360176,408.76784483979236,352.31644690619316,752.6698529135973,1372.9630105092963,1218.0232475627881,1407.2168459136349,79.92315580721994,45.4947968261029,30.227624920273676,24.008931097181183,32.75466530913716,41.29734646548355,30.02137448913061,0.0,2421.815556732522,2420.419874418685,2398.7844825556344,2419.908310103545
BANGOR NAVAL SUBMARINE BASE,872.7074157659868,1079.05821323978,1094.0240733499122,804.7020772991352,769.5365000376516,1077.1556070301947,1074.8639535060029,957.6199128192454,953.7954392989191,1075.8479280522542,1079.4816896225054,719.6017778519179,2485.1759294796398,2342.0209232766497,2216.8238826199704,2474.490403209363,2743.367250594185,2479.4348518485067,2295.226459883312,2219.1388595742815,2219.1388595742815,2214.6213570938753,2455.145245513088,2663.849765471492,2668.755739904028,1728.6373321369288,2127.5086412818646,2127.5086412818646,2506.4462894435383,2577.5445677766133,2678.866550151103,2333.6706745472407,2389.7538430084555,2362.694275171662,2139.1639021330257,2060.3403550359885,608.3592715597173,2494.1906062681865,2426.3911281277788,2516.313571390006,2424.5721328783957,2434.228654109167,1883.006817098026,1944.3032668757953,1674.2575591999744,1934.9981899159882,2359.5193882591184,2466.36186668824,2450.806548655952,2443.73596744959,2449.433771852517,2461.9837903676307,2447.471422659729,2421.815556732522,0.0,9.08999910340635,29.75523428881836,42.90009713295231
BREMERTON NAVAL STATION,863.7649301731417,1070.0757704790376,1085.182320490908,795.6204511973831,760.4859978549736,1068.1706519067907,1065.878182080754,948.5499881685602,944.7220238424164,1066.8673407985916,1070.5014806402621,710.5541789922387,2485.2277778563885,2340.96401635081,2212.4840876516937,2470.94225142784,2738.8680348983826,2475.958352755247,2291.0762434758835,2214.7928816033414,2214.7928816033414,2210.384799878519,2451.7290126736543,2660.523919524698,2665.393973107366,1727.3465289387627,2122.6341502729856,2122.6341502729856,2507.2919381105203,2578.6445958756913,2680.2551873665825,2332.633233400646,2388.619173807828,2361.718879066683,2134.5349504203296,2056.237299039032,599.4615426306918,2494.7703559733936,2425.9721104088685,2516.4681291809734,2421.5914790551033,2431.4656872565965,1879.3607260464178,1937.8719374585667,1668.7084541619088,1928.4514258162487,2358.3246596799486,2464.929623160859,2449.3770101262003,2442.3015764899715,2447.9686723753357,2460.550181780447,2446.01424831778,2420.419874418685,9.08999910340635,0.0,35.21103114970261,51.828236533717664
EVERETT NAVAL STATION,883.2622182260124,1090.2477385752686,1102.9812219147889,818.9599021818689,787.17364551977,1088.395293988057,1086.1206414774267,971.1965032832451,967.5317952998491,1087.0023626491077,1090.6275064022843,737.3426984465541,2459.427215586206,2318.2988089004602,2201.5295594791455,2456.7762365835933,2728.5461885166656,2461.5161472556006,2279.325849222964,2203.864121939168,2203.864121939168,2198.999025861897,2437.0581024980097,2693.271578022835,2698.19604702217,1705.434097770601,2114.0040179379494,2114.0040179379494,2479.4876819162164,2550.239007563285,2651.192566082578,2309.910144639359,2366.185671854498,2338.8093467432655,2124.8231452696928,2044.3162354252008,618.413546045357,2467.6153091901097,2401.4553457426778,2490.396250379394,2405.298416988924,2414.386604899179,1865.6303794464036,1936.941133953843,1663.2790589922306,1928.1615136760745,2336.074776868972,2443.4057384737325,2427.8454744447313,2420.7855237824992,2426.548229912835,2439.0307709627323,2424.5691271449714,2398.7844825556344,29.75523428881836,35.21103114970261,0.0,31.856817449036416
WHIDBEY ISLAND NAS,912.5693831029207,1119.2885887178838,1132.9593080500897,846.327643718916,812.1668035854972,1117.4125310133484,1115.1297139856658,998.9844631368188,995.2267060946373,1116.0592906700174,1119.6887405671757,762.2482782836485,2476.4529485900534,2338.520569070432,2229.4859835755706,2483.0911387033225,2756.749091450901,2487.675870932934,2306.9041570112327,2231.832061421915,2231.832061421915,2226.7567567228034,2463.089864457617,2687.7002023162145,2692.756222429707,1726.4315524957062,2142.94664818301,2142.94664818301,2494.076824478937,2564.008352495628,2664.0124493380094,2330.0800183745,2386.611538899951,2358.8034077635743,2153.3286035075134,2071.8341923208354,647.8878233769756,2483.0365815154114,2419.870289872232,2507.1096821289148,2430.3590800392226,2438.940491063805,1892.2461716942637,1968.0975776722173,1693.3587637771889,1959.433253702271,2356.668992495753,2464.6197135253537,2449.054737730402,2442.0088214457073,2447.8521186429894,2460.249069484267,2445.85231547095,2419.908310103545,42.90009713295231,51.828236533717664,31.856817449036416,0.0
